,login,mdp
0,léa.roux@hotmail.com,675436815056
1,enzo.blanc@yahoo.fr,162827213750
2,victor.bertrand@gmail.com,475569757462
3,mohamed.dumont@hotmail.com,302859211659
4,arthur.martinez@yahoo.fr,326214557155
5,anna.robin@gmail.com,575534107058
6,mathis.muller@yahoo.fr,403782177531
7,noah.david@hotmail.com,791855921521
8,tom.lambert@gmail.com,842585798085
9,chloé.legrand@yahoo.fr,379052331678
10,zoé.blanc@gmail.com,119744567897
11,gabin.andre@yahoo.fr,854599982740
12,hugo.mathieu@gmail.com,718846756458
13,enzo.durand@yahoo.fr,742572414162
14,nolan.chevalier@gmail.com,617889305457
15,mathis.lopez@yahoo.fr,973971922954
16,louis.morin@hotmail.com,831499839045
17,antoine.fontaine@hotmail.com,464093368335
18,axel.blanc@yahoo.fr,213380227043
19,léa.fournier@gmail.com,179726449055
20,emma.bertrand@gmail.com,654044889747
21,arthur.faure@yahoo.fr,675657999582
22,ambre.bernard@hotmail.com,137372863652
23,hugo.lefebvre@gmail.com,432757939472
24,jules.chevalier@hotmail.com,675026174841
25,manon.guerin@gmail.com,298662429823
26,juliette.francois@yahoo.fr,926940812649
27,jade.lefebvre@hotmail.com,266282999248
28,inès.nicolas@gmail.com,339949664279
29,axel.mercier@hotmail.com,585691331488
30,axel.david@gmail.com,479014916042
31,léna.perrin@gmail.com,565941179833
32,sarah.laurent@yahoo.fr,896045812097
33,juliette.bonnet@yahoo.fr,219833972774
34,rose.bertrand@yahoo.fr,622448513158
35,sacha.lopez@hotmail.com,581069388873
36,timéo.fontaine@hotmail.com,185529108217
37,lou.dumont@yahoo.fr,393020894238
38,lou.david@yahoo.fr,519855944919
39,lola.robert@hotmail.com,991897835283
40,victor.fontaine@yahoo.fr,899713192760
41,lina.garnier@gmail.com,314514783353
42,gabriel.richard@yahoo.fr,947665212736
43,sarah.gauthier@hotmail.com,742824567721
44,rose.roux@yahoo.fr,145690838283
45,timéo.muller@yahoo.fr,242549476878
46,camille.garnier@hotmail.com,316867811558
47,léa.laurent@hotmail.com,569544591870
48,louise.thomas@yahoo.fr,249398302051
49,anna.thomas@yahoo.fr,809621994896
50,mathis.martinez@gmail.com,595550525112
51,nolan.bonnet@hotmail.com,169764272023
52,timéo.bertrand@gmail.com,753958823777
53,juliette.lopez@hotmail.com,285633137298
54,rose.dubois@yahoo.fr,592773559630
55,louis.gauthier@hotmail.com,657697126756
56,paul.petit@yahoo.fr,697343159998
57,axel.andre@gmail.com,516443154832
58,valentin.garnier@yahoo.fr,973733312744
59,gabin.garnier@yahoo.fr,737165804540
60,inès.mercier@yahoo.fr,953667218795
61,camille.garnier@yahoo.fr,979260357838
62,ambre.garnier@yahoo.fr,405294783840
63,inès.andre@hotmail.com,284555155396
64,tom.michel@hotmail.com,235554781183
65,alice.richard@gmail.com,334031797373
66,léo.muller@hotmail.com,622945183680
67,nolan.muller@yahoo.fr,266526938730
68,gabin.simon@gmail.com,375674487190
69,victor.gauthier@yahoo.fr,842669261192
70,julia.dubois@yahoo.fr,324327432916
71,louis.martin@gmail.com,744574974026
72,paul.richard@hotmail.com,294144784834
73,raphaël.david@yahoo.fr,981561765024
74,raphaël.michel@yahoo.fr,435261375223
75,lou.legrand@hotmail.com,464815477230
76,anna.michel@hotmail.com,254529281032
77,louis.rousseau@gmail.com,145641355941
78,liam.guerin@hotmail.com,255736527418
79,antoine.martinez@hotmail.com,328077411346
80,louise.roux@yahoo.fr,675841866797
81,inès.martin@hotmail.com,336064499133
82,mohamed.legrand@hotmail.com,463370706752
83,gabriel.leroy@gmail.com,412471226799
84,lina.garnier@yahoo.fr,644233872985
85,jade.dubois@gmail.com,227227253714
86,timéo.lefevre@hotmail.com,906367761953
87,nathan.morin@yahoo.fr,296517655855
88,antoine.garnier@hotmail.com,362346678350
89,théo.lefevre@hotmail.com,492789514247
90,alice.david@hotmail.com,409653483759
91,nolan.guerin@gmail.com,124546639073
92,liam.fontaine@gmail.com,755384144432
93,léna.bonnet@yahoo.fr,696746785722
94,zoé.dupont@gmail.com,838360317980
95,enzo.nicolas@gmail.com,932441839044
96,axel.robin@gmail.com,341161136722
97,tom.lefevre@yahoo.fr,858949435184
98,timéo.moreau@yahoo.fr,473717475067
99,manon.michel@gmail.com,249745455688
100,julia.michel@hotmail.com,113582685464
101,sacha.petit@yahoo.fr,292277193612
102,théo.michel@gmail.com,782296404156
103,sacha.guerin@gmail.com,805867346662
104,manon.lopez@hotmail.com,818797265436
105,léo.martin@yahoo.fr,837778773019
106,enzo.petit@yahoo.fr,669018233134
107,louise.robin@hotmail.com,228667451619
108,nathan.robin@yahoo.fr,174344102098
109,zoé.martin@gmail.com,218798204950
110,louis.garcia@hotmail.com,765773335578
111,lola.richard@yahoo.fr,452075539062
112,emma.roussel@hotmail.com,268310429039
113,lucas.morin@yahoo.fr,431128914212
114,emma.roux@hotmail.com,487059263297
115,valentin.henry@gmail.com,775581757844
116,julia.laurent@yahoo.fr,394845958311
117,adam.henry@yahoo.fr,245051616335
118,lou.dubois@hotmail.com,959828729537
119,valentin.garcia@hotmail.com,324077762142
120,jules.robert@gmail.com,671721473912
121,léna.fontaine@gmail.com,486414783687
122,sarah.simon@yahoo.fr,478168446724
123,lola.clement@gmail.com,225414538727
124,ethan.robin@hotmail.com,218496909224
125,raphaël.robert@yahoo.fr,921527316477
126,sarah.muller@gmail.com,716684132078
127,gabriel.chevalier@hotmail.com,424285274864
128,emma.david@gmail.com,201881183026
129,léo.roux@yahoo.fr,719911395378
130,emma.bertrand@hotmail.com,774819527692
131,victor.bernard@gmail.com,565787446537
132,arthur.roussel@yahoo.fr,847214831216
133,arthur.moreau@hotmail.com,428615261650
134,lucie.robert@yahoo.fr,506058721032
135,théo.durand@gmail.com,461020575632
136,sarah.francois@gmail.com,937210855727
137,lola.petit@hotmail.com,267954495085
138,aaron.bonnet@hotmail.com,519256556295
139,gabriel.petit@hotmail.com,207575974541
140,julia.martinez@yahoo.fr,406847439571
141,alice.roussel@yahoo.fr,959961254075
142,timéo.muller@hotmail.com,977734128323
143,ethan.petit@gmail.com,936677164569
144,anna.blanc@hotmail.com,639014713198
145,manon.dubois@gmail.com,474426172131
146,nathan.dupont@yahoo.fr,529021678552
147,juliette.mathieu@hotmail.com,965277874599
148,lou.lambert@yahoo.fr,598949744354
149,lina.robin@gmail.com,926364444995
150,aaron.robert@yahoo.fr,567363436741
151,axel.robin@gmail.com,963643575016
152,théo.rousseau@gmail.com,336774506889
153,sacha.lefebvre@hotmail.com,227151898789
154,juliette.richard@gmail.com,598072778427
155,chloé.martinez@yahoo.fr,833140575611
156,arthur.roux@hotmail.com,311035669042
157,aaron.robert@hotmail.com,272287147113
158,rose.david@gmail.com,953116669753
159,enzo.morel@gmail.com,758150275472
160,jules.laurent@hotmail.com,511885125695
161,enzo.andre@yahoo.fr,736520358236
162,liam.lopez@yahoo.fr,963182498035
163,léa.garnier@gmail.com,942667218394
164,emma.legrand@yahoo.fr,922598358368
165,hugo.petit@gmail.com,449036561992
166,tom.fontaine@yahoo.fr,319196103887
167,axel.guerin@hotmail.com,801319791523
168,nolan.durand@hotmail.com,489740199219
169,lucas.lopez@hotmail.com,307490899296
170,noah.roussel@hotmail.com,189535832850
171,léo.bertrand@hotmail.com,147619842852
172,nolan.lefevre@gmail.com,181093343989
173,sarah.lambert@yahoo.fr,547816295234
174,hugo.legrand@hotmail.com,706264385628
175,adam.clement@gmail.com,303190627658
176,paul.lefevre@hotmail.com,685145861380
177,louise.richard@hotmail.com,157441473992
178,enzo.robert@gmail.com,724893756394
179,camille.lopez@hotmail.com,168486276468
180,emma.petit@gmail.com,558219434966
181,mathis.chevalier@hotmail.com,702473153830
182,inès.lefebvre@yahoo.fr,487815453626
183,julia.girard@yahoo.fr,436098567279
184,camille.mathieu@hotmail.com,291638197249
185,nathan.nicolas@yahoo.fr,369857874683
186,inès.michel@yahoo.fr,201950752276
187,lucie.bernard@gmail.com,222216204276
188,axel.bonnet@hotmail.com,825693543515
189,camille.dubois@yahoo.fr,683672715131
190,mohamed.michel@yahoo.fr,959559195474
191,liam.francois@hotmail.com,465139393161
192,léa.faure@hotmail.com,222056538152
193,emma.dumont@hotmail.com,542194381520
194,jade.morel@hotmail.com,314681538362
195,lou.dumont@yahoo.fr,421735803476
196,antoine.nicolas@yahoo.fr,211274412863
197,raphaël.guerin@yahoo.fr,365227285696
198,axel.muller@gmail.com,697720494911
199,adam.bertrand@gmail.com,665431647481
200,paul.mercier@yahoo.fr,642413134213
201,tom.martinez@yahoo.fr,453945909194
202,emma.blanc@yahoo.fr,413454965434
203,jade.bonnet@gmail.com,817765237183
204,léna.laurent@yahoo.fr,253075482436
205,timéo.michel@gmail.com,788838809247
206,louise.martinez@yahoo.fr,531713291361
207,raphaël.moreau@gmail.com,639490222944
208,adam.david@hotmail.com,311840827739
209,mila.thomas@gmail.com,949216475693
210,inès.thomas@yahoo.fr,645358124573
211,sacha.francois@yahoo.fr,296097503229
212,juliette.guerin@yahoo.fr,233999609343
213,enzo.faure@gmail.com,833353699497
214,louise.legrand@hotmail.com,682357922272
215,raphaël.michel@hotmail.com,847539997762
216,liam.roux@gmail.com,211865893372
217,camille.vincent@hotmail.com,316656235878
218,louis.chevalier@gmail.com,685031846340
219,inès.rousseau@hotmail.com,219125368923
220,léo.morin@gmail.com,349958867439
221,sarah.simon@yahoo.fr,782940173476
222,léo.martin@yahoo.fr,464519114915
223,jules.clement@yahoo.fr,593642933288
224,mathis.fournier@yahoo.fr,163634509732
225,timéo.robert@gmail.com,882386311876
226,lina.lefevre@yahoo.fr,729960608930
227,victor.laurent@yahoo.fr,575310772721
228,jade.girard@hotmail.com,158250265140
229,nolan.robin@hotmail.com,583771685479
230,lina.perrin@hotmail.com,893841607087
231,lou.garcia@gmail.com,857291629721
232,anna.lefebvre@hotmail.com,524113371137
233,léa.martinez@hotmail.com,143889468111
234,inès.roussel@hotmail.com,744162176360
235,adam.michel@gmail.com,947334952739
236,sacha.morin@gmail.com,274549165828
237,louise.lefevre@hotmail.com,407415602462
238,mohamed.muller@gmail.com,973737285592
239,antoine.gauthier@gmail.com,896636888154
240,aaron.andre@yahoo.fr,436327361337
241,louise.roux@gmail.com,306051172786
242,hugo.richard@hotmail.com,253334889183
243,zoé.nicolas@hotmail.com,246868826143
244,enzo.moreau@gmail.com,339722252957
245,mohamed.fournier@gmail.com,549341328566
246,sarah.martin@hotmail.com,432424456242
247,zoé.robin@hotmail.com,678198388552
248,hugo.roux@gmail.com,423349361859
249,jade.mercier@gmail.com,562272978155
250,rose.lambert@yahoo.fr,914750811038
251,timéo.bertrand@gmail.com,382577231318
252,nathan.girard@gmail.com,956185145854
253,sacha.guerin@hotmail.com,917793106798
254,enzo.lefevre@hotmail.com,588774303341
255,camille.fontaine@hotmail.com,652134571178
256,timéo.girard@hotmail.com,482890217555
257,louis.francois@yahoo.fr,575051125434
258,sarah.bernard@hotmail.com,497618398352
259,léa.martin@gmail.com,646276135281
260,léo.leroy@yahoo.fr,256525658692
261,louis.robert@hotmail.com,655095908198
262,camille.faure@yahoo.fr,878615315939
263,jade.nicolas@gmail.com,133244559439
264,aaron.michel@yahoo.fr,756473965881
265,zoé.moreau@yahoo.fr,162879786899
266,rose.dumont@hotmail.com,532683515748
267,adam.faure@gmail.com,445037519752
268,raphaël.dumont@gmail.com,693414868681
269,gabin.bonnet@gmail.com,123419747124
270,camille.richard@yahoo.fr,796414977737
271,nolan.lopez@hotmail.com,189757367319
272,léna.lambert@gmail.com,434183698885
273,ethan.robin@gmail.com,338146235381
274,mohamed.faure@hotmail.com,934672237140
275,théo.nicolas@yahoo.fr,909731267655
276,timéo.lefebvre@yahoo.fr,551360273221
277,noah.mathieu@gmail.com,299556299312
278,louis.blanc@hotmail.com,178299573668
279,louise.gauthier@hotmail.com,709747402013
280,lina.martin@yahoo.fr,123538691330
281,théo.durand@yahoo.fr,503343702542
282,lucie.michel@gmail.com,957924462021
283,léna.david@hotmail.com,435028199339
284,ambre.thomas@yahoo.fr,132730319247
285,adam.dubois@gmail.com,947127439231
286,léo.dumont@gmail.com,236921743096
287,adam.michel@yahoo.fr,144873236781
288,axel.dupont@yahoo.fr,692199756262
289,théo.girard@hotmail.com,627473143436
290,sacha.bertrand@yahoo.fr,695050904882
291,lucas.morel@hotmail.com,804229623257
292,nathan.faure@gmail.com,865324117629
293,lola.michel@yahoo.fr,712358104762
294,camille.andre@gmail.com,469337469354
295,julia.laurent@hotmail.com,289287809270
296,léna.leroy@yahoo.fr,944248382739
297,inès.roux@hotmail.com,472816238119
298,hugo.guerin@yahoo.fr,817297403633
299,ambre.perrin@hotmail.com,936237456710
300,lucie.andre@gmail.com,136256668549
301,sacha.bertrand@gmail.com,479042336335
302,liam.fournier@hotmail.com,671554365456
303,léa.richard@hotmail.com,993198611336
304,paul.garcia@yahoo.fr,886933766485
305,lina.robin@yahoo.fr,211772566835
306,aaron.durand@gmail.com,112930283679
307,valentin.henry@hotmail.com,261791685759
308,léo.chevalier@hotmail.com,578896626381
309,aaron.durand@gmail.com,497520642431
310,alice.bernard@hotmail.com,701654994138
311,timéo.moreau@yahoo.fr,905619672850
312,nathan.richard@gmail.com,234223991656
313,lucie.roussel@gmail.com,808814167796
314,timéo.robin@yahoo.fr,368973377275
315,julia.fontaine@yahoo.fr,688939374141
316,ethan.guerin@gmail.com,811045309788
317,lou.clement@hotmail.com,856858668755
318,léna.roussel@gmail.com,754947565726
319,inès.muller@gmail.com,823041754276
320,jules.gauthier@hotmail.com,685273469936
321,théo.henry@gmail.com,295198574574
322,mathis.lefevre@yahoo.fr,784040795935
323,mila.andre@gmail.com,864918685917
324,raphaël.roux@gmail.com,607366197245
325,ethan.durand@gmail.com,217148422274
326,léa.bernard@yahoo.fr,348142971892
327,mathis.david@yahoo.fr,315165831444
328,emma.simon@yahoo.fr,637428819613
329,sarah.guerin@gmail.com,751257865188
330,ambre.bernard@yahoo.fr,781186779223
331,hugo.andre@hotmail.com,903538448189
332,chloé.rousseau@yahoo.fr,864944457623
333,léa.martin@hotmail.com,542599452779
334,louise.dubois@yahoo.fr,617898874348
335,léna.lopez@gmail.com,662424953978
336,sarah.lambert@hotmail.com,992042701339
337,antoine.fontaine@yahoo.fr,302517557914
338,arthur.henry@hotmail.com,412179664338
339,louise.richard@gmail.com,312181738581
340,liam.nicolas@gmail.com,173630146114
341,arthur.roux@hotmail.com,212135531450
342,tom.rousseau@yahoo.fr,583926433383
343,alice.francois@gmail.com,126766968827
344,léa.petit@gmail.com,746274864926
345,mohamed.david@hotmail.com,307553793424
346,théo.lefevre@hotmail.com,931036916089
347,lucie.michel@hotmail.com,832446914533
348,sacha.francois@hotmail.com,596789398189
349,lina.fontaine@yahoo.fr,309420132739
350,liam.nicolas@yahoo.fr,575963483656
351,inès.rousseau@gmail.com,959199452451
352,manon.roux@gmail.com,771628994730
353,mathis.bertrand@hotmail.com,308429804662
354,léna.dubois@gmail.com,483976642187
355,victor.garcia@gmail.com,819214178213
356,ambre.rousseau@hotmail.com,872537866126
357,lou.bertrand@gmail.com,252623132257
358,paul.moreau@yahoo.fr,358042688596
359,lola.roussel@gmail.com,605014338751
360,enzo.roux@hotmail.com,268136776670
361,antoine.chevalier@hotmail.com,937668673994
362,jade.legrand@hotmail.com,618595466222
363,lou.garnier@gmail.com,722688327114
364,axel.richard@hotmail.com,806741993983
365,jules.moreau@yahoo.fr,298251825987
366,ambre.mercier@gmail.com,862363181735
367,mila.blanc@yahoo.fr,997771142474
368,sacha.richard@gmail.com,438937766381
369,emma.dumont@gmail.com,908548373494
370,noah.fontaine@yahoo.fr,699437217434
371,zoé.morin@hotmail.com,326521693879
372,anna.faure@hotmail.com,198717984171
373,gabriel.dubois@hotmail.com,453530344078
374,noah.mathieu@gmail.com,726825972059
375,alice.blanc@hotmail.com,203275566099
376,mila.morel@yahoo.fr,772640197637
377,inès.gauthier@yahoo.fr,164577597884
378,enzo.andre@gmail.com,526563248156
379,théo.dumont@hotmail.com,503936551563
380,inès.morel@hotmail.com,876571296716
381,valentin.roux@hotmail.com,143997173468
382,mila.lefevre@hotmail.com,704429977817
383,zoé.lefebvre@hotmail.com,371668854574
384,mohamed.dupont@yahoo.fr,935739945218
385,gabriel.nicolas@gmail.com,685094671095
386,nolan.bernard@gmail.com,744953224079
387,manon.blanc@gmail.com,462885765762
388,enzo.garcia@hotmail.com,597613316332
389,tom.moreau@yahoo.fr,515789226314
390,ethan.bernard@gmail.com,445886805927
391,tom.thomas@gmail.com,752282508557
392,rose.garnier@hotmail.com,411572408694
393,aaron.dupont@hotmail.com,856290182188
394,léa.durand@yahoo.fr,588399547766
395,chloé.chevalier@hotmail.com,502823457438
396,valentin.dubois@hotmail.com,799888191365
397,lucie.david@gmail.com,194465172322
398,gabriel.faure@gmail.com,284576154820
399,hugo.lopez@gmail.com,652451287973
400,léo.bonnet@hotmail.com,381729313858
401,sarah.francois@yahoo.fr,117976295670
402,anna.muller@hotmail.com,632847454642
403,ambre.durand@yahoo.fr,993830999617
404,mila.dupont@hotmail.com,803567301015
405,lucie.roux@yahoo.fr,165339185614
406,lucas.robin@hotmail.com,812286666936
407,sarah.bertrand@yahoo.fr,209151389964
408,gabin.bonnet@hotmail.com,549747879762
409,ambre.garcia@hotmail.com,801445681676
410,rose.garnier@hotmail.com,308435527618
411,arthur.mercier@yahoo.fr,636555458623
412,noah.fontaine@gmail.com,616988749110
413,louis.robin@hotmail.com,179717786266
414,timéo.garnier@gmail.com,327594274390
415,rose.henry@gmail.com,984467693813
416,léo.morel@yahoo.fr,836224199521
417,camille.henry@hotmail.com,393647786974
418,rose.chevalier@hotmail.com,232287947283
419,lou.nicolas@hotmail.com,888946808648
420,ambre.legrand@gmail.com,795742265359
421,léa.perrin@hotmail.com,692055233098
422,lola.guerin@yahoo.fr,765146274071
423,inès.lefevre@gmail.com,983885722072
424,théo.muller@hotmail.com,927588403789
425,emma.robert@yahoo.fr,748870993318
426,timéo.mercier@hotmail.com,308360592472
427,léo.mathieu@hotmail.com,604214201829
428,chloé.petit@hotmail.com,197178961540
429,aaron.leroy@hotmail.com,883787985039
430,léna.guerin@yahoo.fr,877477305114
431,léna.robin@yahoo.fr,215677856749
432,aaron.lambert@yahoo.fr,842582361512
433,chloé.garnier@gmail.com,614836164980
434,julia.mathieu@hotmail.com,866596888717
435,lola.andre@hotmail.com,491772687331
436,théo.robin@gmail.com,737410966859
437,noah.chevalier@yahoo.fr,381034215283
438,noah.mercier@gmail.com,373843654256
439,paul.fournier@yahoo.fr,536131598170
440,liam.garcia@gmail.com,466716377676
441,zoé.bernard@yahoo.fr,633955255943
442,anna.petit@yahoo.fr,386976511890
443,léa.clement@gmail.com,453740953686
444,léa.faure@hotmail.com,931223753957
445,louis.lefebvre@yahoo.fr,642754964859
446,adam.bertrand@gmail.com,441624538035
447,lucas.mercier@hotmail.com,124670707759
448,antoine.durand@hotmail.com,865070629740
449,tom.vincent@yahoo.fr,585375962652
450,léna.morel@gmail.com,846727391678
451,mohamed.laurent@gmail.com,405810142264
452,zoé.blanc@yahoo.fr,153721395666
453,nolan.fournier@gmail.com,148178329762
454,antoine.andre@yahoo.fr,891130131842
455,mohamed.morel@hotmail.com,921960659643
456,adam.gauthier@hotmail.com,991432997429
457,léo.robin@hotmail.com,918254634567
458,ethan.durand@yahoo.fr,594171361449
459,léa.richard@gmail.com,377034964581
460,camille.moreau@yahoo.fr,556981374874
461,rose.morin@gmail.com,996023875027
462,adam.simon@gmail.com,677651455769
463,arthur.mathieu@yahoo.fr,848031821371
464,théo.dumont@gmail.com,782691745427
465,arthur.morel@yahoo.fr,318476572243
466,léna.roux@hotmail.com,273367729712
467,chloé.fournier@gmail.com,417350469954
468,théo.roux@yahoo.fr,912191545576
469,léa.blanc@gmail.com,279418911412
470,léo.gauthier@gmail.com,604743495970
471,juliette.girard@yahoo.fr,805797901462
472,gabriel.fournier@yahoo.fr,361773522880
473,noah.lambert@hotmail.com,192581455981
474,rose.bernard@gmail.com,734858901747
475,gabin.bernard@yahoo.fr,716292987065
476,léa.nicolas@hotmail.com,699053101218
477,aaron.durand@gmail.com,924344815161
478,liam.thomas@gmail.com,449962511523
479,jules.muller@hotmail.com,954996386486
480,inès.robert@gmail.com,382230661695
481,inès.petit@gmail.com,582785633839
482,camille.garnier@gmail.com,563449268966
483,enzo.david@hotmail.com,606431426338
484,aaron.laurent@yahoo.fr,518615906711
485,aaron.roussel@yahoo.fr,216634725553
486,zoé.faure@gmail.com,751673696441
487,sarah.robin@gmail.com,988888584722
488,nathan.lopez@hotmail.com,226986891167
489,sacha.fournier@gmail.com,463515129913
490,mila.martin@hotmail.com,878745532041
491,paul.morin@gmail.com,499448152554
492,paul.girard@hotmail.com,309132212080
493,emma.blanc@yahoo.fr,346524934237
494,raphaël.durand@gmail.com,148484504538
495,paul.bertrand@yahoo.fr,446125717314
496,ambre.mathieu@gmail.com,892719883185
497,timéo.nicolas@gmail.com,135024514912
498,aaron.fournier@gmail.com,671460522733
499,hugo.bertrand@hotmail.com,857684324675
500,jules.legrand@hotmail.com,966830271192
501,mathis.thomas@hotmail.com,321438757197
502,léa.robert@yahoo.fr,887847755568
503,aaron.garcia@gmail.com,362317899438
504,tom.perrin@yahoo.fr,497964243750
505,juliette.bonnet@yahoo.fr,857273201654
506,lola.michel@yahoo.fr,431319535374
507,mohamed.chevalier@hotmail.com,574341145122
508,jade.garnier@gmail.com,156769136323
509,tom.roux@yahoo.fr,107725943769
510,mohamed.robert@yahoo.fr,775481817444
511,victor.lopez@yahoo.fr,444636945981
512,gabin.bernard@yahoo.fr,538332443270
513,jules.nicolas@gmail.com,304877874180
514,arthur.andre@gmail.com,748379802019
515,inès.legrand@hotmail.com,493130928381
516,lina.robin@hotmail.com,672844616058
517,enzo.durand@gmail.com,258172238961
518,zoé.roux@yahoo.fr,753013456639
519,enzo.perrin@gmail.com,231035819359
520,julia.legrand@gmail.com,419691764428
521,timéo.morin@yahoo.fr,518039629825
522,arthur.roux@hotmail.com,111745747564
523,antoine.andre@gmail.com,806719565911
524,léna.morin@yahoo.fr,248360632129
525,gabin.mathieu@hotmail.com,532939692196
526,gabin.blanc@gmail.com,484856364153
527,mathis.girard@yahoo.fr,361349264188
528,julia.leroy@yahoo.fr,986137509994
529,inès.michel@gmail.com,871728305365
530,hugo.garcia@gmail.com,531089206268
531,tom.robin@gmail.com,994173703132
532,léna.bernard@hotmail.com,208870339336
533,rose.michel@gmail.com,256698959415
534,julia.bernard@gmail.com,631975995410
535,louis.thomas@hotmail.com,628273303533
536,lola.lefebvre@hotmail.com,651960787751
537,lou.dumont@hotmail.com,919753994426
538,camille.roussel@yahoo.fr,434533737472
539,aaron.gauthier@hotmail.com,912378851681
540,liam.chevalier@gmail.com,213390862850
541,léna.nicolas@hotmail.com,163864992244
542,lucie.richard@gmail.com,433791148324
543,liam.lefebvre@yahoo.fr,696524275944
544,inès.nicolas@yahoo.fr,692381862116
545,ambre.muller@gmail.com,699156247459
546,nolan.lambert@hotmail.com,809029725182
547,chloé.blanc@gmail.com,671765624922
548,louis.moreau@hotmail.com,932144368371
549,adam.laurent@yahoo.fr,894580101980
550,lola.thomas@gmail.com,942884501086
551,léa.martin@gmail.com,528213168814
552,emma.michel@gmail.com,304843374369
553,anna.richard@yahoo.fr,233166224019
554,aaron.dubois@gmail.com,554761399450
555,arthur.robert@gmail.com,847711698219
556,julia.blanc@yahoo.fr,895790876171
557,léna.nicolas@yahoo.fr,953599181595
558,sacha.perrin@hotmail.com,944850673322
559,raphaël.lopez@gmail.com,626966514012
560,valentin.robert@hotmail.com,934341465910
561,lola.morel@yahoo.fr,196323204324
562,léna.clement@hotmail.com,466543779726
563,juliette.garcia@hotmail.com,522560101867
564,lucie.clement@yahoo.fr,423434614349
565,camille.garcia@gmail.com,363585412475
566,gabriel.girard@gmail.com,319572639545
567,alice.david@gmail.com,167172272516
568,victor.dumont@hotmail.com,337547162792
569,gabriel.girard@yahoo.fr,589438925774
570,nathan.henry@gmail.com,907390721157
571,zoé.guerin@hotmail.com,298449513849
572,juliette.morin@yahoo.fr,636949917446
573,valentin.fournier@hotmail.com,276587803678
574,inès.petit@hotmail.com,563519581439
575,emma.garcia@yahoo.fr,427283385165
576,raphaël.fontaine@hotmail.com,396921669893
577,valentin.vincent@yahoo.fr,729146506045
578,emma.rousseau@yahoo.fr,123027584572
579,raphaël.moreau@hotmail.com,282976367023
580,victor.dupont@yahoo.fr,544313209391
581,adam.fournier@gmail.com,923653777698
582,mohamed.martinez@gmail.com,202370757775
583,sarah.legrand@yahoo.fr,713523802675
584,mohamed.faure@yahoo.fr,159567249881
585,paul.vincent@gmail.com,118176476591
586,nolan.thomas@yahoo.fr,582868306458
587,enzo.leroy@hotmail.com,386112539749
588,camille.bonnet@hotmail.com,853674898125
589,lucas.thomas@gmail.com,207249294553
590,gabin.vincent@yahoo.fr,785253857217
591,lucie.lefebvre@gmail.com,402125502784
592,lina.richard@yahoo.fr,826862759545
593,sacha.andre@yahoo.fr,328610637367
594,nathan.gauthier@gmail.com,622811569942
595,enzo.martinez@gmail.com,182363865266
596,gabin.moreau@yahoo.fr,565317639861
597,léo.roux@hotmail.com,348938521032
598,léa.fontaine@hotmail.com,649354505386
599,adam.fournier@yahoo.fr,716577915856
600,chloé.roux@gmail.com,588971263565
601,antoine.robert@gmail.com,722743389987
602,adam.fournier@gmail.com,488351164694
603,ambre.roussel@gmail.com,956290851735
604,arthur.francois@gmail.com,179922927447
605,léa.fontaine@gmail.com,866367798521
606,nathan.faure@hotmail.com,127534239073
607,victor.richard@hotmail.com,984342586935
608,inès.lopez@gmail.com,281541828960
609,léna.martin@hotmail.com,631695624199
610,zoé.legrand@yahoo.fr,781422913145
611,camille.martin@yahoo.fr,199270409727
612,anna.martin@yahoo.fr,401461164711
613,axel.roux@yahoo.fr,591115395181
614,zoé.lefebvre@gmail.com,839977722139
615,axel.martin@yahoo.fr,801659439531
616,léna.lopez@yahoo.fr,892810637978
617,timéo.david@hotmail.com,637411466655
618,emma.michel@hotmail.com,212277725434
619,jules.durand@yahoo.fr,866637944851
620,nathan.david@gmail.com,408249385141
621,julia.francois@hotmail.com,242614339598
622,tom.bertrand@hotmail.com,214193819931
623,emma.garnier@hotmail.com,382646313580
624,mila.durand@gmail.com,118455396175
625,louise.lefebvre@yahoo.fr,505665752889
626,théo.robin@yahoo.fr,813263452955
627,manon.thomas@hotmail.com,454381364493
628,lucas.durand@gmail.com,406871209693
629,victor.francois@yahoo.fr,653776961859
630,lou.dupont@hotmail.com,792073101425
631,mila.laurent@gmail.com,499658758040
632,manon.henry@gmail.com,467724357748
633,gabin.lambert@yahoo.fr,718995573627
634,léna.garnier@gmail.com,806167789061
635,tom.roussel@hotmail.com,277595149173
636,alice.bernard@gmail.com,221617707232
637,sacha.mercier@gmail.com,605232392794
638,lou.bernard@yahoo.fr,387560296350
639,julia.andre@yahoo.fr,524091436587
640,rose.lefebvre@yahoo.fr,435996827925
641,timéo.henry@yahoo.fr,613816675181
642,léo.clement@yahoo.fr,524719243955
643,liam.chevalier@gmail.com,895741775711
644,gabriel.bonnet@yahoo.fr,529418999556
645,timéo.dumont@yahoo.fr,275721487551
646,noah.fournier@gmail.com,548245268096
647,chloé.gauthier@hotmail.com,692820701163
648,louise.laurent@yahoo.fr,669944479451
649,louis.lopez@gmail.com,183050669762
650,mila.lefebvre@gmail.com,266111334420
651,léna.nicolas@hotmail.com,504945355629
652,antoine.rousseau@gmail.com,735795386690
653,sarah.perrin@gmail.com,642640186793
654,louise.bertrand@gmail.com,503526744617
655,aaron.girard@gmail.com,615071443957
656,gabin.fontaine@gmail.com,381333852623
657,nathan.garcia@gmail.com,229576493845
658,nathan.garnier@yahoo.fr,517538183019
659,adam.garcia@gmail.com,359313439114
660,léa.fournier@yahoo.fr,638482293017
661,paul.dumont@gmail.com,393740936321
662,jules.morin@gmail.com,384387989931
663,hugo.simon@yahoo.fr,974575613913
664,timéo.andre@yahoo.fr,768451575763
665,nolan.henry@gmail.com,745655215891
666,lou.vincent@yahoo.fr,322792885839
667,antoine.bernard@yahoo.fr,405287676020
668,léa.robert@hotmail.com,456623931740
669,gabriel.garnier@gmail.com,536173217270
670,nathan.richard@yahoo.fr,575512394545
671,lola.lefebvre@hotmail.com,851961105340
672,victor.richard@hotmail.com,373351295927
673,léa.clement@yahoo.fr,476624348082
674,enzo.lopez@yahoo.fr,836137361299
675,alice.girard@hotmail.com,274068669766
676,victor.lefebvre@gmail.com,979222424891
677,louise.lopez@gmail.com,161982893568
678,louise.robert@yahoo.fr,601877347925
679,juliette.durand@gmail.com,699985355814
680,axel.martin@yahoo.fr,236180854884
681,emma.laurent@hotmail.com,913979586940
682,inès.henry@hotmail.com,668923611899
683,liam.david@gmail.com,284733491828
684,lola.faure@hotmail.com,421633488687
685,raphaël.mercier@gmail.com,876217592173
686,lucas.andre@yahoo.fr,433938142291
687,ambre.morin@gmail.com,973452331465
688,louise.perrin@hotmail.com,955042551873
689,manon.moreau@yahoo.fr,669624967825
690,timéo.andre@gmail.com,805340877525
691,lucie.lefebvre@yahoo.fr,627430408326
692,lola.perrin@hotmail.com,263297114938
693,noah.garcia@yahoo.fr,514543327882
694,jules.garcia@yahoo.fr,377516342244
695,théo.fournier@gmail.com,308321343082
696,jules.martinez@gmail.com,482971898520
697,anna.martin@gmail.com,578182351272
698,gabriel.roussel@gmail.com,675823575475
699,antoine.clement@gmail.com,608846966785
700,léa.morel@yahoo.fr,627265263925
701,timéo.girard@hotmail.com,962283533063
702,léna.leroy@hotmail.com,657723295546
703,rose.david@yahoo.fr,778569657213
704,hugo.thomas@yahoo.fr,135596672468
705,emma.laurent@hotmail.com,188923163754
706,inès.guerin@yahoo.fr,833581818956
707,gabin.lefevre@hotmail.com,494151519018
708,lucas.girard@yahoo.fr,182837221616
709,axel.henry@yahoo.fr,762679998341
710,aaron.thomas@hotmail.com,572837217721
711,lola.roux@yahoo.fr,268689876590
712,lola.thomas@yahoo.fr,449710361032
713,antoine.lefebvre@hotmail.com,326959867344
714,léo.martin@gmail.com,498017267064
715,manon.richard@yahoo.fr,847254382229
716,valentin.bonnet@hotmail.com,935415423697
717,timéo.girard@gmail.com,887446744451
718,enzo.durand@hotmail.com,927069315229
719,axel.martinez@yahoo.fr,906145487743
720,axel.fournier@gmail.com,786525102672
721,louis.garcia@gmail.com,697777172764
722,lucas.nicolas@gmail.com,865751406463
723,léna.vincent@hotmail.com,704037142510
724,nathan.roux@hotmail.com,297510582195
725,jade.bernard@hotmail.com,777030976470
726,anna.chevalier@yahoo.fr,507065789372
727,emma.dumont@gmail.com,972278917834
728,lina.durand@gmail.com,521096943515
729,théo.dubois@gmail.com,985511188959
730,emma.mathieu@yahoo.fr,465628712529
731,juliette.andre@hotmail.com,526494612586
732,gabriel.andre@hotmail.com,739677641563
733,mila.michel@hotmail.com,242936687972
734,chloé.martin@gmail.com,489954583474
735,nathan.girard@yahoo.fr,232572725955
736,louis.leroy@yahoo.fr,312477587651
737,paul.richard@yahoo.fr,387967897363
738,lola.leroy@yahoo.fr,872498487178
739,victor.dubois@hotmail.com,402885585047
740,lucas.francois@gmail.com,387984685564
741,valentin.legrand@gmail.com,742945885969
742,gabriel.clement@gmail.com,176854859597
743,arthur.petit@gmail.com,342370548942
744,léo.francois@gmail.com,464725324384
745,lucie.francois@gmail.com,764036897460
746,sacha.francois@yahoo.fr,837255494778
747,juliette.lambert@gmail.com,319536254428
748,ethan.dubois@gmail.com,357141928012
749,juliette.faure@yahoo.fr,711589453995
750,lucas.rousseau@yahoo.fr,579946698315
751,victor.garcia@yahoo.fr,757247959176
752,raphaël.fontaine@gmail.com,328459361513
753,paul.lambert@gmail.com,167066587433
754,adam.mercier@gmail.com,694866481650
755,emma.dubois@yahoo.fr,129248339159
756,antoine.roux@gmail.com,209772638171
757,théo.lambert@gmail.com,236455634984
758,léo.thomas@gmail.com,245955255346
759,alice.faure@gmail.com,482597231450
760,jules.dubois@yahoo.fr,136314829294
761,camille.francois@hotmail.com,643977936267
762,noah.morel@gmail.com,764656123660
763,timéo.martinez@gmail.com,758459582875
764,gabriel.blanc@gmail.com,162047831925
765,noah.robert@yahoo.fr,705485311249
766,louis.vincent@gmail.com,819234803332
767,gabriel.bonnet@hotmail.com,822060518637
768,sarah.lefebvre@yahoo.fr,321292166683
769,rose.leroy@hotmail.com,236199269598
770,jules.david@yahoo.fr,891333235981
771,lucas.martinez@hotmail.com,609814289745
772,chloé.faure@hotmail.com,546726458823
773,gabriel.lambert@hotmail.com,185180778270
774,liam.andre@yahoo.fr,244740304419
775,lucas.petit@yahoo.fr,301897131645
776,raphaël.girard@hotmail.com,556439223081
777,hugo.blanc@yahoo.fr,118355905283
778,inès.lefebvre@hotmail.com,281954369975
779,sacha.martin@hotmail.com,273665968515
780,antoine.bonnet@yahoo.fr,727110779530
781,tom.guerin@hotmail.com,142665384142
782,adam.girard@gmail.com,288427429040
783,ambre.legrand@gmail.com,553387747621
784,adam.blanc@gmail.com,685249501958
785,tom.garnier@yahoo.fr,392323415978
786,mohamed.chevalier@gmail.com,376561187344
787,lucas.moreau@yahoo.fr,889499124616
788,zoé.gauthier@yahoo.fr,729241629895
789,enzo.leroy@hotmail.com,559820515437
790,gabin.fournier@yahoo.fr,728721947229
791,jade.lefebvre@hotmail.com,884756666452
792,sacha.perrin@yahoo.fr,631495904411
793,mathis.dumont@gmail.com,336927796621
794,zoé.richard@yahoo.fr,672873781121
795,louise.richard@gmail.com,631218784751
796,théo.moreau@gmail.com,492267776858
797,emma.lopez@yahoo.fr,131831541171
798,ethan.bonnet@yahoo.fr,677496173810
799,léa.michel@yahoo.fr,938659204890
800,nathan.roux@yahoo.fr,342191945658
801,nathan.muller@hotmail.com,651145438955
802,alice.david@yahoo.fr,443763921645
803,mathis.henry@yahoo.fr,311170366146
804,jade.nicolas@yahoo.fr,953370909079
805,camille.garcia@hotmail.com,179092456237
806,axel.guerin@hotmail.com,164099798963
807,juliette.chevalier@gmail.com,275312516660
808,lou.clement@gmail.com,411317204782
809,jade.chevalier@gmail.com,357286495811
810,rose.vincent@gmail.com,508618265862
811,louis.bertrand@yahoo.fr,871633685159
812,axel.gauthier@hotmail.com,921543353653
813,nolan.michel@yahoo.fr,985839619724
814,tom.clement@hotmail.com,618774107629
815,juliette.martin@gmail.com,579656878733
816,sacha.mercier@hotmail.com,193953566438
817,louise.vincent@hotmail.com,214919246165
818,léna.dupont@yahoo.fr,107845296390
819,chloé.durand@hotmail.com,721880101982
820,jade.lambert@yahoo.fr,332046424532
821,ethan.lefevre@yahoo.fr,177041165288
822,aaron.lefebvre@gmail.com,266583114067
823,théo.moreau@yahoo.fr,269866319757
824,léna.robert@yahoo.fr,985154849671
825,alice.fontaine@gmail.com,705728611513
826,timéo.morin@yahoo.fr,129622539737
827,mohamed.laurent@yahoo.fr,568940436832
828,lina.laurent@hotmail.com,147531543677
829,timéo.garnier@gmail.com,485648716854
830,léo.fournier@yahoo.fr,164887157242
831,sarah.martinez@yahoo.fr,786155328051
832,lola.legrand@gmail.com,422025325941
833,jade.michel@gmail.com,322398258581
834,juliette.dumont@gmail.com,603120554047
835,nolan.morel@hotmail.com,698472447138
836,hugo.fontaine@gmail.com,548811571132
837,antoine.nicolas@yahoo.fr,679972463023
838,chloé.legrand@yahoo.fr,605239422452
839,noah.garnier@hotmail.com,746866263788
840,emma.lefebvre@gmail.com,995121939638
841,lina.rousseau@gmail.com,966223738881
842,inès.garcia@yahoo.fr,855793857662
843,arthur.michel@gmail.com,467498637215
844,camille.durand@hotmail.com,312687553481
845,nolan.dubois@gmail.com,483853944694
846,louis.morel@yahoo.fr,983935688546
847,lou.lambert@gmail.com,915278138311
848,emma.henry@gmail.com,709560418319
849,mohamed.vincent@gmail.com,126077649616
850,léa.nicolas@yahoo.fr,281824514579
851,paul.chevalier@gmail.com,942313842193
852,victor.leroy@yahoo.fr,731411159755
853,louise.bonnet@hotmail.com,245311512889
854,noah.dupont@gmail.com,787346742238
855,valentin.michel@gmail.com,564125573368
856,timéo.roussel@hotmail.com,573192307479
857,hugo.vincent@gmail.com,174247632018
858,hugo.lefebvre@hotmail.com,872260134779
859,manon.michel@gmail.com,791612136348
860,sarah.andre@gmail.com,816044232163
861,lucas.nicolas@hotmail.com,254268463997
862,zoé.lefebvre@gmail.com,503775692151
863,gabriel.dumont@hotmail.com,264186266979
864,léna.lefebvre@yahoo.fr,645873384338
865,emma.laurent@hotmail.com,782292932724
866,juliette.leroy@gmail.com,454274481722
867,nolan.robin@gmail.com,828966297433
868,paul.thomas@hotmail.com,667995475052
869,gabin.mercier@yahoo.fr,156718609535
870,antoine.lefebvre@yahoo.fr,944363299919
871,victor.lopez@hotmail.com,463028488064
872,gabin.garcia@yahoo.fr,131689812790
873,gabin.lefebvre@yahoo.fr,299661854347
874,lola.bernard@yahoo.fr,308277229550
875,léo.mercier@hotmail.com,636457871757
876,rose.nicolas@gmail.com,676861834663
877,gabin.clement@yahoo.fr,803639272336
878,lou.perrin@gmail.com,633952642857
879,nathan.martin@hotmail.com,233068807330
880,léo.legrand@hotmail.com,511048511562
881,louis.gauthier@yahoo.fr,991693637696
882,lina.blanc@yahoo.fr,727754204842
883,anna.legrand@hotmail.com,557658468237
884,lola.roux@hotmail.com,645069969945
885,chloé.henry@gmail.com,721457542921
886,léa.clement@hotmail.com,702991639147
887,nathan.bertrand@hotmail.com,833569988362
888,paul.durand@gmail.com,215652615895
889,lina.robert@gmail.com,798934757960
890,nolan.morin@yahoo.fr,259571383789
891,ethan.faure@gmail.com,142196363830
892,chloé.martin@gmail.com,307431688895
893,enzo.martin@hotmail.com,453552965820
894,manon.martinez@hotmail.com,572237149655
895,raphaël.garcia@gmail.com,359977347010
896,axel.dumont@hotmail.com,263370603319
897,juliette.fontaine@gmail.com,602453991247
898,léa.bertrand@hotmail.com,797869727959
899,manon.martin@gmail.com,925159996560
900,aaron.fournier@gmail.com,597584283775
901,gabin.bertrand@gmail.com,619128245024
902,enzo.fournier@hotmail.com,215193703159
903,axel.fournier@yahoo.fr,521392612625
904,victor.simon@hotmail.com,729818288663
905,alice.chevalier@hotmail.com,671069405563
906,jules.morel@gmail.com,217719983176
907,paul.mercier@yahoo.fr,459180608632
908,léa.dubois@gmail.com,826386924414
909,gabriel.chevalier@gmail.com,577115536263
910,inès.martinez@gmail.com,552469375451
911,emma.roux@hotmail.com,854097887866
912,jade.garcia@hotmail.com,756637878579
913,manon.fontaine@gmail.com,129522744357
914,raphaël.vincent@hotmail.com,722224928091
915,anna.henry@yahoo.fr,483474394043
916,adam.garnier@yahoo.fr,387274392472
917,julia.lambert@gmail.com,846693323672
918,lola.legrand@hotmail.com,407913326195
919,théo.thomas@gmail.com,506648487764
920,emma.fournier@yahoo.fr,375011183210
921,axel.fontaine@yahoo.fr,759126904515
922,mila.muller@yahoo.fr,277076244411
923,manon.richard@yahoo.fr,983522968771
924,noah.petit@hotmail.com,769652689624
925,aaron.vincent@gmail.com,637995715369
926,nolan.mercier@hotmail.com,546211422623
927,liam.fontaine@gmail.com,988626358562
928,valentin.thomas@gmail.com,507699353045
929,axel.martin@hotmail.com,422725116772
930,ambre.bernard@gmail.com,555322736880
931,ethan.henry@yahoo.fr,245734775255
932,raphaël.fontaine@yahoo.fr,343728966921
933,mila.faure@yahoo.fr,919341445650
934,aaron.leroy@yahoo.fr,844811169485
935,théo.michel@yahoo.fr,409378527895
936,léa.lambert@yahoo.fr,875545802236
937,nathan.henry@yahoo.fr,774652419142
938,liam.durand@yahoo.fr,793085175830
939,ambre.dubois@hotmail.com,604687335872
940,hugo.martinez@hotmail.com,379888622353
941,jules.muller@gmail.com,839587716291
942,axel.morin@yahoo.fr,837268181774
943,mathis.simon@yahoo.fr,224345679761
944,jade.perrin@gmail.com,957350909138
945,mathis.roussel@gmail.com,784869604634
946,zoé.lambert@hotmail.com,943172885097
947,zoé.martinez@yahoo.fr,447477224199
948,mila.garcia@yahoo.fr,152014297265
949,rose.guerin@yahoo.fr,589519411977
950,adam.simon@yahoo.fr,519083284119
951,antoine.fournier@hotmail.com,812570416048
952,léna.lefebvre@hotmail.com,456165567628
953,alice.garnier@hotmail.com,273265373452
954,rose.morel@hotmail.com,511420213489
955,paul.petit@hotmail.com,834080438850
956,raphaël.clement@gmail.com,621894356439
957,nolan.simon@hotmail.com,309970366394
958,théo.bonnet@gmail.com,215752676081
959,jade.fontaine@hotmail.com,636811742914
960,tom.robin@hotmail.com,124892631424
961,mathis.rousseau@yahoo.fr,859384432741
962,valentin.blanc@gmail.com,558388199143
963,léna.morel@hotmail.com,255943691729
964,timéo.lefevre@gmail.com,762847986986
965,emma.bonnet@yahoo.fr,927828676484
966,antoine.martin@gmail.com,585367605346
967,arthur.dumont@yahoo.fr,306367824822
968,léa.perrin@yahoo.fr,345391208811
969,léo.petit@yahoo.fr,673366139488
970,léa.andre@gmail.com,332580877224
971,lucas.morin@gmail.com,294126295844
972,timéo.garcia@hotmail.com,681537609667
973,léa.fournier@hotmail.com,157199711780
974,mohamed.lefebvre@hotmail.com,727133222573
975,nolan.gauthier@gmail.com,452854416697
976,juliette.mathieu@hotmail.com,943681194489
977,juliette.fournier@gmail.com,118367161385
978,lola.robin@gmail.com,791093273773
979,sarah.richard@gmail.com,425367775434
980,timéo.lefebvre@yahoo.fr,124267455027
981,nolan.morin@hotmail.com,271677368152
982,léo.francois@hotmail.com,204228747863
983,théo.blanc@hotmail.com,855458297595
984,aaron.robert@yahoo.fr,582421119971
985,emma.fontaine@gmail.com,325622903275
986,zoé.robin@gmail.com,916295486091
987,julia.rousseau@hotmail.com,995257852467
988,liam.martin@yahoo.fr,114031209171
989,ethan.chevalier@hotmail.com,366989312871
990,mathis.richard@hotmail.com,835017657798
991,camille.garcia@hotmail.com,494717255589
992,raphaël.legrand@yahoo.fr,931569254815
993,louise.blanc@hotmail.com,225769453676
994,rose.simon@hotmail.com,857078617369
995,théo.garcia@gmail.com,704036486255
996,louis.morel@yahoo.fr,926229696662
997,hugo.andre@yahoo.fr,242783885089
998,timéo.gauthier@hotmail.com,697838976240
